key,value
ISO3,IND
HDR Country Name,India
Human Development Groups,Medium
UNDP Developeing Regions,SA
HDI Rank (2023),130
Human Development Index (value) (1990),0.446
Human Development Index (value) (1991),0.448
Human Development Index (value) (1992),0.453
Human Development Index (value) (1993),0.458
Human Development Index (value) (1994),0.463
Human Development Index (value) (1995),0.469
Human Development Index (value) (1996),0.476
Human Development Index (value) (1997),0.482
Human Development Index (value) (1998),0.488
Human Development Index (value) (1999),0.496
Human Development Index (value) (2000),0.501
Human Development Index (value) (2001),0.511
Human Development Index (value) (2002),0.516
Human Development Index (value) (2003),0.529
Human Development Index (value) (2004),0.538
Human Development Index (value) (2005),0.547
Human Development Index (value) (2006),0.557
Human Development Index (value) (2007),0.566
Human Development Index (value) (2008),0.574
Human Development Index (value) (2009),0.579
Human Development Index (value) (2010),0.59
Human Development Index (value) (2011),0.603
Human Development Index (value) (2012),0.609
Human Development Index (value) (2013),0.615
Human Development Index (value) (2014),0.625
Human Development Index (value) (2015),0.633
Human Development Index (value) (2016),0.644
Human Development Index (value) (2017),0.649
Human Development Index (value) (2018),0.648
Human Development Index (value) (2019),0.651
Human Development Index (value) (2020),0.652
Human Development Index (value) (2021),0.647
Human Development Index (value) (2022),0.676
Human Development Index (value) (2023),0.685
Life Expectancy at Birth (years) (1990),58.618
Life Expectancy at Birth (years) (1991),59.032
Life Expectancy at Birth (years) (1992),59.445
Life Expectancy at Birth (years) (1993),59.823
Life Expectancy at Birth (years) (1994),60.237
Life Expectancy at Birth (years) (1995),60.63
Life Expectancy at Birth (years) (1996),61.027
Life Expectancy at Birth (years) (1997),61.439
Life Expectancy at Birth (years) (1998),61.852
Life Expectancy at Birth (years) (1999),62.284
Life Expectancy at Birth (years) (2000),62.749
Life Expectancy at Birth (years) (2001),63.158
Life Expectancy at Birth (years) (2002),63.649
Life Expectancy at Birth (years) (2003),64.086
Life Expectancy at Birth (years) (2004),64.484
Life Expectancy at Birth (years) (2005),64.939
Life Expectancy at Birth (years) (2006),65.373
Life Expectancy at Birth (years) (2007),65.803
Life Expectancy at Birth (years) (2008),66.247
Life Expectancy at Birth (years) (2009),66.7
Life Expectancy at Birth (years) (2010),67.162
Life Expectancy at Birth (years) (2011),67.623
Life Expectancy at Birth (years) (2012),68.076
Life Expectancy at Birth (years) (2013),68.499
Life Expectancy at Birth (years) (2014),68.932
Life Expectancy at Birth (years) (2015),69.326
Life Expectancy at Birth (years) (2016),69.709
Life Expectancy at Birth (years) (2017),70.068
Life Expectancy at Birth (years) (2018),70.415
Life Expectancy at Birth (years) (2019),70.746
Life Expectancy at Birth (years) (2020),70.156
Life Expectancy at Birth (years) (2021),67.282
Life Expectancy at Birth (years) (2022),71.698
Life Expectancy at Birth (years) (2023),72.003
Expected Years of Schooling (years) (1990),8.20444394
Expected Years of Schooling (years) (1991),8.216523603
Expected Years of Schooling (years) (1992),8.228621051
Expected Years of Schooling (years) (1993),8.240736311
Expected Years of Schooling (years) (1994),8.252869409
Expected Years of Schooling (years) (1995),8.26502037
Expected Years of Schooling (years) (1996),8.266550064
Expected Years of Schooling (years) (1997),8.289759636
Expected Years of Schooling (years) (1998),8.301849683
Expected Years of Schooling (years) (1999),8.31393973
Expected Years of Schooling (years) (2000),8.326029778
Expected Years of Schooling (years) (2001),8.807609558
Expected Years of Schooling (years) (2002),8.872280121
Expected Years of Schooling (years) (2003),9.489009857
Expected Years of Schooling (years) (2004),9.759057283
Expected Years of Schooling (years) (2005),10.02910471
Expected Years of Schooling (years) (2006),10.29915214
Expected Years of Schooling (years) (2007),10.56919956
Expected Years of Schooling (years) (2008),10.86855984
Expected Years of Schooling (years) (2009),10.78787994
Expected Years of Schooling (years) (2010),11.10916996
Expected Years of Schooling (years) (2011),11.69287014
Expected Years of Schooling (years) (2012),11.76546955
Expected Years of Schooling (years) (2013),11.80904961
Expected Years of Schooling (years) (2014),12.16592026
Expected Years of Schooling (years) (2015),12.26624012
Expected Years of Schooling (years) (2016),12.67975998
Expected Years of Schooling (years) (2017),12.50761032
Expected Years of Schooling (years) (2018),11.81653976
Expected Years of Schooling (years) (2019),11.75397968
Expected Years of Schooling (years) (2020),12.1291399
Expected Years of Schooling (years) (2021),12.40237045
Expected Years of Schooling (years) (2022),12.95646
Expected Years of Schooling (years) (2023),12.95454025
Mean Years of Schooling (years) (1990),2.780574365
Mean Years of Schooling (years) (1991),2.88390652
Mean Years of Schooling (years) (1992),2.987238675
Mean Years of Schooling (years) (1993),3.090570831
Mean Years of Schooling (years) (1994),3.193902986
Mean Years of Schooling (years) (1995),3.297235142
Mean Years of Schooling (years) (1996),3.466324123
Mean Years of Schooling (years) (1997),3.635413105
Mean Years of Schooling (years) (1998),3.804502087
Mean Years of Schooling (years) (1999),3.973591068
Mean Years of Schooling (years) (2000),4.14268005
Mean Years of Schooling (years) (2001),4.219709475
Mean Years of Schooling (years) (2002),4.2967389
Mean Years of Schooling (years) (2003),4.373768325
Mean Years of Schooling (years) (2004),4.45079775
Mean Years of Schooling (years) (2005),4.527827175
Mean Years of Schooling (years) (2006),4.634916863
Mean Years of Schooling (years) (2007),4.742006551
Mean Years of Schooling (years) (2008),4.84909624
Mean Years of Schooling (years) (2009),4.956185928
Mean Years of Schooling (years) (2010),5.063275616
Mean Years of Schooling (years) (2011),5.300000191
Mean Years of Schooling (years) (2012),5.397578144
Mean Years of Schooling (years) (2013),5.495156097
Mean Years of Schooling (years) (2014),5.592734051
Mean Years of Schooling (years) (2015),5.690312004
Mean Years of Schooling (years) (2016),5.787889957
Mean Years of Schooling (years) (2017),6.013944864
Mean Years of Schooling (years) (2018),6.239999771
Mean Years of Schooling (years) (2019),6.281380177
Mean Years of Schooling (years) (2020),6.489999771
Mean Years of Schooling (years) (2021),6.529999971
Mean Years of Schooling (years) (2022),6.570000172
Mean Years of Schooling (years) (2023),6.880000114
Gross National Income Per Capita (2021 PPP$) (1990),2167.222109
Gross National Income Per Capita (2021 PPP$) (1991),2143.711946
Gross National Income Per Capita (2021 PPP$) (1992),2215.913758
Gross National Income Per Capita (2021 PPP$) (1993),2277.498432
Gross National Income Per Capita (2021 PPP$) (1994),2381.704988
Gross National Income Per Capita (2021 PPP$) (1995),2511.581876
Gross National Income Per Capita (2021 PPP$) (1996),2651.649036
Gross National Income Per Capita (2021 PPP$) (1997),2711.415799
Gross National Income Per Capita (2021 PPP$) (1998),2825.255524
Gross National Income Per Capita (2021 PPP$) (1999),3018.348782
Gross National Income Per Capita (2021 PPP$) (2000),3069.545308
Gross National Income Per Capita (2021 PPP$) (2001),3164.162422
Gross National Income Per Capita (2021 PPP$) (2002),3230.410192
Gross National Income Per Capita (2021 PPP$) (2003),3424.492756
Gross National Income Per Capita (2021 PPP$) (2004),3634.455914
Gross National Income Per Capita (2021 PPP$) (2005),3859.176262
Gross National Income Per Capita (2021 PPP$) (2006),4104.613146
Gross National Income Per Capita (2021 PPP$) (2007),4370.339973
Gross National Income Per Capita (2021 PPP$) (2008),4434.020468
Gross National Income Per Capita (2021 PPP$) (2009),4716.353012
Gross National Income Per Capita (2021 PPP$) (2010),5022.132083
Gross National Income Per Capita (2021 PPP$) (2011),5224.30683
Gross National Income Per Capita (2021 PPP$) (2012),5420.181423
Gross National Income Per Capita (2021 PPP$) (2013),5687.828662
Gross National Income Per Capita (2021 PPP$) (2014),6037.901703
Gross National Income Per Capita (2021 PPP$) (2015),6443.561001
Gross National Income Per Capita (2021 PPP$) (2016),6894.228147
Gross National Income Per Capita (2021 PPP$) (2017),7282.890554
Gross National Income Per Capita (2021 PPP$) (2018),7670.645786
Gross National Income Per Capita (2021 PPP$) (2019),7895.441397
Gross National Income Per Capita (2021 PPP$) (2020),7331.951385
Gross National Income Per Capita (2021 PPP$) (2021),7992.775136
Gross National Income Per Capita (2021 PPP$) (2022),8475.67988
Gross National Income Per Capita (2021 PPP$) (2023),9046.756336
GDI Group (2023),5
Gender Development Index (value) (1990),0.728
Gender Development Index (value) (1991),0.727
Gender Development Index (value) (1992),0.726
Gender Development Index (value) (1993),0.723
Gender Development Index (value) (1994),0.723
Gender Development Index (value) (1995),0.724
Gender Development Index (value) (1996),0.732
Gender Development Index (value) (1997),0.74
Gender Development Index (value) (1998),0.747
Gender Development Index (value) (1999),0.755
Gender Development Index (value) (2000),0.764
Gender Development Index (value) (2001),0.786
Gender Development Index (value) (2002),0.787
Gender Development Index (value) (2003),0.803
Gender Development Index (value) (2004),0.803
Gender Development Index (value) (2005),0.799
Gender Development Index (value) (2006),0.806
Gender Development Index (value) (2007),0.808
Gender Development Index (value) (2008),0.812
Gender Development Index (value) (2009),0.816
Gender Development Index (value) (2010),0.819
Gender Development Index (value) (2011),0.828
Gender Development Index (value) (2012),0.826
Gender Development Index (value) (2013),0.838
Gender Development Index (value) (2014),0.838
Gender Development Index (value) (2015),0.837
Gender Development Index (value) (2016),0.84
Gender Development Index (value) (2017),0.84
Gender Development Index (value) (2018),0.824
Gender Development Index (value) (2019),0.836
Gender Development Index (value) (2020),0.843
Gender Development Index (value) (2021),0.846
Gender Development Index (value) (2022),0.856
Gender Development Index (value) (2023),0.874
HDI female (1990),0.365845226
HDI female (1991),0.367560502
HDI female (1992),0.371170536
HDI female (1993),0.37351992
HDI female (1994),0.377488585
HDI female (1995),0.38269153
HDI female (1996),0.391903648
HDI female (1997),0.399968474
HDI female (1998),0.408562988
HDI female (1999),0.418606993
HDI female (2000),0.427152103
HDI female (2001),0.44520691
HDI female (2002),0.448922037
HDI female (2003),0.464682268
HDI female (2004),0.471575269
HDI female (2005),0.476984679
HDI female (2006),0.487896734
HDI female (2007),0.496893918
HDI female (2008),0.502377078
HDI female (2009),0.510294654
HDI female (2010),0.520287309
HDI female (2011),0.534605108
HDI female (2012),0.539459848
HDI female (2013),0.549920356
HDI female (2014),0.558633574
HDI female (2015),0.564572946
HDI female (2016),0.575295342
HDI female (2017),0.579463504
HDI female (2018),0.570588594
HDI female (2019),0.581050564
HDI female (2020),0.584438839
HDI female (2021),0.581911239
HDI female (2022),0.612663801
HDI female (2023),0.631018287
"Life Expectancy at Birth, female (years) (1990)",59.358
"Life Expectancy at Birth, female (years) (1991)",59.805
"Life Expectancy at Birth, female (years) (1992)",60.236
"Life Expectancy at Birth, female (years) (1993)",60.617
"Life Expectancy at Birth, female (years) (1994)",61.041
"Life Expectancy at Birth, female (years) (1995)",61.442
"Life Expectancy at Birth, female (years) (1996)",61.858
"Life Expectancy at Birth, female (years) (1997)",62.3
"Life Expectancy at Birth, female (years) (1998)",62.759
"Life Expectancy at Birth, female (years) (1999)",63.248
"Life Expectancy at Birth, female (years) (2000)",63.794
"Life Expectancy at Birth, female (years) (2001)",64.277
"Life Expectancy at Birth, female (years) (2002)",64.855
"Life Expectancy at Birth, female (years) (2003)",65.376
"Life Expectancy at Birth, female (years) (2004)",65.844
"Life Expectancy at Birth, female (years) (2005)",66.376
"Life Expectancy at Birth, female (years) (2006)",66.873
"Life Expectancy at Birth, female (years) (2007)",67.358
"Life Expectancy at Birth, female (years) (2008)",67.844
"Life Expectancy at Birth, female (years) (2009)",68.327
"Life Expectancy at Birth, female (years) (2010)",68.809
"Life Expectancy at Birth, female (years) (2011)",69.28
"Life Expectancy at Birth, female (years) (2012)",69.735
"Life Expectancy at Birth, female (years) (2013)",70.151
"Life Expectancy at Birth, female (years) (2014)",70.567
"Life Expectancy at Birth, female (years) (2015)",70.94
"Life Expectancy at Birth, female (years) (2016)",71.297
"Life Expectancy at Birth, female (years) (2017)",71.632
"Life Expectancy at Birth, female (years) (2018)",71.963
"Life Expectancy at Birth, female (years) (2019)",72.287
"Life Expectancy at Birth, female (years) (2020)",71.938
"Life Expectancy at Birth, female (years) (2021)",68.835
"Life Expectancy at Birth, female (years) (2022)",73.271
"Life Expectancy at Birth, female (years) (2023)",73.598
"Expected Years of Schooling, female (years) (1990)",6.689251457
"Expected Years of Schooling, female (years) (1991)",6.741139941
"Expected Years of Schooling, female (years) (1992)",6.793430923
"Expected Years of Schooling, female (years) (1993)",6.846127527
"Expected Years of Schooling, female (years) (1994)",6.899232897
"Expected Years of Schooling, female (years) (1995)",6.952750206
"Expected Years of Schooling, female (years) (1996)",6.997200012
"Expected Years of Schooling, female (years) (1997)",7.082660198
"Expected Years of Schooling, female (years) (1998)",7.130620162
"Expected Years of Schooling, female (years) (1999)",7.178580125
"Expected Years of Schooling, female (years) (2000)",7.226540089
"Expected Years of Schooling, female (years) (2001)",7.699210167
"Expected Years of Schooling, female (years) (2002)",7.864699841
"Expected Years of Schooling, female (years) (2003)",8.854700089
"Expected Years of Schooling, female (years) (2004)",9.146830082
"Expected Years of Schooling, female (years) (2005)",9.438960075
"Expected Years of Schooling, female (years) (2006)",9.731090069
"Expected Years of Schooling, female (years) (2007)",10.02322006
"Expected Years of Schooling, female (years) (2008)",10.25715017
"Expected Years of Schooling, female (years) (2009)",10.49108028
"Expected Years of Schooling, female (years) (2010)",10.80354977
"Expected Years of Schooling, female (years) (2011)",11.30745029
"Expected Years of Schooling, female (years) (2012)",11.6551652
"Expected Years of Schooling, female (years) (2013)",12.0028801
"Expected Years of Schooling, female (years) (2014)",12.38696957
"Expected Years of Schooling, female (years) (2015)",12.50675011
"Expected Years of Schooling, female (years) (2016)",13.08543015
"Expected Years of Schooling, female (years) (2017)",12.86585045
"Expected Years of Schooling, female (years) (2018)",11.8529501
"Expected Years of Schooling, female (years) (2019)",11.83323956
"Expected Years of Schooling, female (years) (2020)",12.08300018
"Expected Years of Schooling, female (years) (2021)",12.31828022
"Expected Years of Schooling, female (years) (2022)",12.9263401
"Expected Years of Schooling, female (years) (2023)",12.96500015
"Mean Years of Schooling, female (years) (1990)",1.795101173
"Mean Years of Schooling, female (years) (1991)",1.843390445
"Mean Years of Schooling, female (years) (1992)",1.891679716
"Mean Years of Schooling, female (years) (1993)",1.939968987
"Mean Years of Schooling, female (years) (1994)",1.988258258
"Mean Years of Schooling, female (years) (1995)",2.03654753
"Mean Years of Schooling, female (years) (1996)",2.298989222
"Mean Years of Schooling, female (years) (1997)",2.561430914
"Mean Years of Schooling, female (years) (1998)",2.823872606
"Mean Years of Schooling, female (years) (1999)",3.086314298
"Mean Years of Schooling, female (years) (2000)",3.34875599
"Mean Years of Schooling, female (years) (2001)",3.287869517
"Mean Years of Schooling, female (years) (2002)",3.226983045
"Mean Years of Schooling, female (years) (2003)",3.166096572
"Mean Years of Schooling, female (years) (2004)",3.1052101
"Mean Years of Schooling, female (years) (2005)",3.044323627
"Mean Years of Schooling, female (years) (2006)",3.18289284
"Mean Years of Schooling, female (years) (2007)",3.321462054
"Mean Years of Schooling, female (years) (2008)",3.460031267
"Mean Years of Schooling, female (years) (2009)",3.598600481
"Mean Years of Schooling, female (years) (2010)",3.737169694
"Mean Years of Schooling, female (years) (2011)",4.050000191
"Mean Years of Schooling, female (years) (2012)",4.128770161
"Mean Years of Schooling, female (years) (2013)",4.207540131
"Mean Years of Schooling, female (years) (2014)",4.286310101
"Mean Years of Schooling, female (years) (2015)",4.36508007
"Mean Years of Schooling, female (years) (2016)",4.44385004
"Mean Years of Schooling, female (years) (2017)",4.741925001
"Mean Years of Schooling, female (years) (2018)",5.039999962
"Mean Years of Schooling, female (years) (2019)",5.029699802
"Mean Years of Schooling, female (years) (2020)",5.369999886
"Mean Years of Schooling, female (years) (2021)",5.450000048
"Mean Years of Schooling, female (years) (2022)",5.53000021
"Mean Years of Schooling, female (years) (2023)",5.829999924
"Gross National Income Per Capita, female (2021 PPP$) (1990)",1024.851245
"Gross National Income Per Capita, female (2021 PPP$) (1991)",1000.550169
"Gross National Income Per Capita, female (2021 PPP$) (1992)",1013.566544
"Gross National Income Per Capita, female (2021 PPP$) (1993)",1005.977092
"Gross National Income Per Capita, female (2021 PPP$) (1994)",1026.266326
"Gross National Income Per Capita, female (2021 PPP$) (1995)",1072.590653
"Gross National Income Per Capita, female (2021 PPP$) (1996)",1134.022184
"Gross National Income Per Capita, female (2021 PPP$) (1997)",1161.243617
"Gross National Income Per Capita, female (2021 PPP$) (1998)",1211.732572
"Gross National Income Per Capita, female (2021 PPP$) (1999)",1296.918579
"Gross National Income Per Capita, female (2021 PPP$) (2000)",1346.411753
"Gross National Income Per Capita, female (2021 PPP$) (2001)",1660.929425
"Gross National Income Per Capita, female (2021 PPP$) (2002)",1676.352218
"Gross National Income Per Capita, female (2021 PPP$) (2003)",1754.670138
"Gross National Income Per Capita, female (2021 PPP$) (2004)",1838.477189
"Gross National Income Per Capita, female (2021 PPP$) (2005)",1866.288517
"Gross National Income Per Capita, female (2021 PPP$) (2006)",1992.888599
"Gross National Income Per Capita, female (2021 PPP$) (2007)",2057.938908
"Gross National Income Per Capita, female (2021 PPP$) (2008)",2020.918095
"Gross National Income Per Capita, female (2021 PPP$) (2009)",2076.092225
"Gross National Income Per Capita, female (2021 PPP$) (2010)",2179.504499
"Gross National Income Per Capita, female (2021 PPP$) (2011)",2286.275079
"Gross National Income Per Capita, female (2021 PPP$) (2012)",2219.302443
"Gross National Income Per Capita, female (2021 PPP$) (2013)",2382.021964
"Gross National Income Per Capita, female (2021 PPP$) (2014)",2465.356444
"Gross National Income Per Capita, female (2021 PPP$) (2015)",2561.340542
"Gross National Income Per Capita, female (2021 PPP$) (2016)",2662.412238
"Gross National Income Per Capita, female (2021 PPP$) (2017)",2727.611555
"Gross National Income Per Capita, female (2021 PPP$) (2018)",2579.188608
"Gross National Income Per Capita, female (2021 PPP$) (2019)",3044.481794
"Gross National Income Per Capita, female (2021 PPP$) (2020)",2925.975976
"Gross National Income Per Capita, female (2021 PPP$) (2021)",3289.478273
"Gross National Income Per Capita, female (2021 PPP$) (2022)",3611.879616
"Gross National Income Per Capita, female (2021 PPP$) (2023)",4542.611577
HDI male (1990),0.502404804
HDI male (1991),0.505582947
HDI male (1992),0.511030662
HDI male (1993),0.516297624
HDI male (1994),0.522385896
HDI male (1995),0.528576356
HDI male (1996),0.535321746
HDI male (1997),0.540582431
HDI male (1998),0.54685037
HDI male (1999),0.554358248
HDI male (2000),0.559307796
HDI male (2001),0.566353252
HDI male (2002),0.570112344
HDI male (2003),0.579004639
HDI male (2004),0.587535498
HDI male (2005),0.596769876
HDI male (2006),0.60541355
HDI male (2007),0.614620285
HDI male (2008),0.618722562
HDI male (2009),0.62523474
HDI male (2010),0.635310299
HDI male (2011),0.645928102
HDI male (2012),0.65320717
HDI male (2013),0.65617031
HDI male (2014),0.666702666
HDI male (2015),0.67459795
HDI male (2016),0.684562163
HDI male (2017),0.689567537
HDI male (2018),0.692117146
HDI male (2019),0.694924169
HDI male (2020),0.69333557
HDI male (2021),0.688051488
HDI male (2022),0.716023804
HDI male (2023),0.722032223
"Life Expectancy at Birth, male (years) (1990)",57.963
"Life Expectancy at Birth, male (years) (1991)",58.34
"Life Expectancy at Birth, male (years) (1992)",58.728
"Life Expectancy at Birth, male (years) (1993)",59.094
"Life Expectancy at Birth, male (years) (1994)",59.492
"Life Expectancy at Birth, male (years) (1995)",59.868
"Life Expectancy at Birth, male (years) (1996)",60.244
"Life Expectancy at Birth, male (years) (1997)",60.623
"Life Expectancy at Birth, male (years) (1998)",60.99
"Life Expectancy at Birth, male (years) (1999)",61.367
"Life Expectancy at Birth, male (years) (2000)",61.76
"Life Expectancy at Birth, male (years) (2001)",62.102
"Life Expectancy at Birth, male (years) (2002)",62.515
"Life Expectancy at Birth, male (years) (2003)",62.882
"Life Expectancy at Birth, male (years) (2004)",63.221
"Life Expectancy at Birth, male (years) (2005)",63.608
"Life Expectancy at Birth, male (years) (2006)",63.989
"Life Expectancy at Birth, male (years) (2007)",64.373
"Life Expectancy at Birth, male (years) (2008)",64.778
"Life Expectancy at Birth, male (years) (2009)",65.203
"Life Expectancy at Birth, male (years) (2010)",65.644
"Life Expectancy at Birth, male (years) (2011)",66.094
"Life Expectancy at Birth, male (years) (2012)",66.544
"Life Expectancy at Birth, male (years) (2013)",66.97
"Life Expectancy at Birth, male (years) (2014)",67.416
"Life Expectancy at Birth, male (years) (2015)",67.827
"Life Expectancy at Birth, male (years) (2016)",68.231
"Life Expectancy at Birth, male (years) (2017)",68.61
"Life Expectancy at Birth, male (years) (2018)",68.973
"Life Expectancy at Birth, male (years) (2019)",69.312
"Life Expectancy at Birth, male (years) (2020)",68.529
"Life Expectancy at Birth, male (years) (2021)",65.87
"Life Expectancy at Birth, male (years) (2022)",70.237
"Life Expectancy at Birth, male (years) (2023)",70.522
"Expected Years of Schooling, male (years) (1990)",9.616713332
"Expected Years of Schooling, male (years) (1991)",9.588691811
"Expected Years of Schooling, male (years) (1992)",9.56075194
"Expected Years of Schooling, male (years) (1993)",9.532893482
"Expected Years of Schooling, male (years) (1994)",9.505116198
"Expected Years of Schooling, male (years) (1995)",9.477419853
"Expected Years of Schooling, male (years) (1996)",9.438969612
"Expected Years of Schooling, male (years) (1997)",9.404589653
"Expected Years of Schooling, male (years) (1998)",9.383103053
"Expected Years of Schooling, male (years) (1999)",9.361616453
"Expected Years of Schooling, male (years) (2000)",9.340129852
"Expected Years of Schooling, male (years) (2001)",9.827759743
"Expected Years of Schooling, male (years) (2002)",9.799659729
"Expected Years of Schooling, male (years) (2003)",10.07359028
"Expected Years of Schooling, male (years) (2004)",10.32276511
"Expected Years of Schooling, male (years) (2005)",10.57193995
"Expected Years of Schooling, male (years) (2006)",10.82111478
"Expected Years of Schooling, male (years) (2007)",11.07028961
"Expected Years of Schooling, male (years) (2008)",11.06556988
"Expected Years of Schooling, male (years) (2009)",11.06085014
"Expected Years of Schooling, male (years) (2010)",11.38938046
"Expected Years of Schooling, male (years) (2011)",11.78728962
"Expected Years of Schooling, male (years) (2012)",11.87577391
"Expected Years of Schooling, male (years) (2013)",11.63239002
"Expected Years of Schooling, male (years) (2014)",11.96380997
"Expected Years of Schooling, male (years) (2015)",12.04625034
"Expected Years of Schooling, male (years) (2016)",12.30844975
"Expected Years of Schooling, male (years) (2017)",12.1794796
"Expected Years of Schooling, male (years) (2018)",11.78324032
"Expected Years of Schooling, male (years) (2019)",11.68171978
"Expected Years of Schooling, male (years) (2020)",12.17146969
"Expected Years of Schooling, male (years) (2021)",12.47906971
"Expected Years of Schooling, male (years) (2022)",12.98404026
"Expected Years of Schooling, male (years) (2023)",12.94526958
"Mean Years of Schooling, male (years) (1990)",3.622844827
"Mean Years of Schooling, male (years) (1991)",3.782676216
"Mean Years of Schooling, male (years) (1992)",3.942507606
"Mean Years of Schooling, male (years) (1993)",4.102338995
"Mean Years of Schooling, male (years) (1994)",4.262170384
"Mean Years of Schooling, male (years) (1995)",4.422001774
"Mean Years of Schooling, male (years) (1996)",4.635110293
"Mean Years of Schooling, male (years) (1997)",4.848218812
"Mean Years of Schooling, male (years) (1998)",5.061327332
"Mean Years of Schooling, male (years) (1999)",5.274435851
"Mean Years of Schooling, male (years) (2000)",5.48754437
"Mean Years of Schooling, male (years) (2001)",5.569235969
"Mean Years of Schooling, male (years) (2002)",5.650927568
"Mean Years of Schooling, male (years) (2003)",5.732619167
"Mean Years of Schooling, male (years) (2004)",5.814310766
"Mean Years of Schooling, male (years) (2005)",5.896002365
"Mean Years of Schooling, male (years) (2006)",5.986573486
"Mean Years of Schooling, male (years) (2007)",6.077144606
"Mean Years of Schooling, male (years) (2008)",6.167715727
"Mean Years of Schooling, male (years) (2009)",6.258286848
"Mean Years of Schooling, male (years) (2010)",6.348857968
"Mean Years of Schooling, male (years) (2011)",6.53000021
"Mean Years of Schooling, male (years) (2012)",6.655962181
"Mean Years of Schooling, male (years) (2013)",6.781924152
"Mean Years of Schooling, male (years) (2014)",6.907886124
"Mean Years of Schooling, male (years) (2015)",7.033848095
"Mean Years of Schooling, male (years) (2016)",7.159810066
"Mean Years of Schooling, male (years) (2017)",7.289905071
"Mean Years of Schooling, male (years) (2018)",7.420000076
"Mean Years of Schooling, male (years) (2019)",7.600659847
"Mean Years of Schooling, male (years) (2020)",7.639999866
"Mean Years of Schooling, male (years) (2021)",7.63499999
"Mean Years of Schooling, male (years) (2022)",7.630000114
"Mean Years of Schooling, male (years) (2023)",7.960000038
"Gross National Income Per Capita, male (2021 PPP$) (1990)",3235.301724
"Gross National Income Per Capita, male (2021 PPP$) (1991)",3212.723837
"Gross National Income Per Capita, male (2021 PPP$) (1992)",3340.353782
"Gross National Income Per Capita, male (2021 PPP$) (1993)",3466.598469
"Gross National Income Per Capita, male (2021 PPP$) (1994)",3649.069163
"Gross National Income Per Capita, male (2021 PPP$) (1995)",3856.673517
"Gross National Income Per Capita, male (2021 PPP$) (1996)",4069.751267
"Gross National Income Per Capita, male (2021 PPP$) (1997)",4159.402697
"Gross National Income Per Capita, male (2021 PPP$) (1998)",4331.864867
"Gross National Income Per Capita, male (2021 PPP$) (1999)",4625.173065
"Gross National Income Per Capita, male (2021 PPP$) (2000)",4677.486614
"Gross National Income Per Capita, male (2021 PPP$) (2001)",4566.599643
"Gross National Income Per Capita, male (2021 PPP$) (2002)",4680.077417
"Gross National Income Per Capita, male (2021 PPP$) (2003)",4982.025974
"Gross National Income Per Capita, male (2021 PPP$) (2004)",5309.617815
"Gross National Income Per Capita, male (2021 PPP$) (2005)",5718.045127
"Gross National Income Per Capita, male (2021 PPP$) (2006)",6074.516624
"Gross National Income Per Capita, male (2021 PPP$) (2007)",6527.777804
"Gross National Income Per Capita, male (2021 PPP$) (2008)",6685.802211
"Gross National Income Per Capita, male (2021 PPP$) (2009)",7180.635953
"Gross National Income Per Capita, male (2021 PPP$) (2010)",7675.952196
"Gross National Income Per Capita, male (2021 PPP$) (2011)",7967.929054
"Gross National Income Per Capita, male (2021 PPP$) (2012)",8410.164864
"Gross National Income Per Capita, male (2021 PPP$) (2013)",8776.873475
"Gross National Income Per Capita, male (2021 PPP$) (2014)",9377.348047
"Gross National Income Per Capita, male (2021 PPP$) (2015)",10073.64328
"Gross National Income Per Capita, male (2021 PPP$) (2016)",10852.48262
"Gross National Income Per Capita, male (2021 PPP$) (2017)",11545.16625
"Gross National Income Per Capita, male (2021 PPP$) (2018)",12436.26373
"Gross National Income Per Capita, male (2021 PPP$) (2019)",12437.55343
"Gross National Income Per Capita, male (2021 PPP$) (2020)",11459.67996
"Gross National Income Per Capita, male (2021 PPP$) (2021)",12401.96096
"Gross National Income Per Capita, male (2021 PPP$) (2022)",13037.68152
"Gross National Income Per Capita, male (2021 PPP$) (2023)",13273.46446
Inequality-adjusted Human Development Index (value) (2010),0.381
Inequality-adjusted Human Development Index (value) (2011),0.391
Inequality-adjusted Human Development Index (value) (2012),0.394
Inequality-adjusted Human Development Index (value) (2013),0.399
Inequality-adjusted Human Development Index (value) (2014),0.407
Inequality-adjusted Human Development Index (value) (2015),0.423
Inequality-adjusted Human Development Index (value) (2016),0.434
Inequality-adjusted Human Development Index (value) (2017),0.438
Inequality-adjusted Human Development Index (value) (2018),0.436
Inequality-adjusted Human Development Index (value) (2019),0.445
Inequality-adjusted Human Development Index (value) (2020),0.444
Inequality-adjusted Human Development Index (value) (2021),0.443
Inequality-adjusted Human Development Index (value) (2022),0.468
Inequality-adjusted Human Development Index (value) (2023),0.475
Coefficient of human inequality (2010),35.07699263
Coefficient of human inequality (2011),34.7922803
Coefficient of human inequality (2012),34.87170204
Coefficient of human inequality (2013),34.6027557
Coefficient of human inequality (2014),34.31772537
Coefficient of human inequality (2015),32.73889904
Coefficient of human inequality (2016),32.07161336
Coefficient of human inequality (2017),31.90982435
Coefficient of human inequality (2018),32.07264429
Coefficient of human inequality (2019),31.05916125
Coefficient of human inequality (2020),31.13826365
Coefficient of human inequality (2021),30.77011207
Coefficient of human inequality (2022),30.07626845
Coefficient of human inequality (2023),29.90295412
Overall loss (%) (2010),35.42372881
Overall loss (%) (2011),35.15754561
Overall loss (%) (2012),35.30377668
Overall loss (%) (2013),35.12195122
Overall loss (%) (2014),34.88
Overall loss (%) (2015),33.17535545
Overall loss (%) (2016),32.60869565
Overall loss (%) (2017),32.51155624
Overall loss (%) (2018),32.71604938
Overall loss (%) (2019),31.64362519
Overall loss (%) (2020),31.90184049
Overall loss (%) (2021),31.5301391
Overall loss (%) (2022),30.76923077
Overall loss (%) (2023),30.65693431
Inequality in life expectancy (2010),25.663578
Inequality in life expectancy (2011),24.809441
Inequality in life expectancy (2012),23.77066
Inequality in life expectancy (2013),22.963821
Inequality in life expectancy (2014),22.10873
Inequality in life expectancy (2015),21.124521
Inequality in life expectancy (2016),20.34796
Inequality in life expectancy (2017),19.620333
Inequality in life expectancy (2018),18.735456
Inequality in life expectancy (2019),18.091995
Inequality in life expectancy (2020),17.181723
Inequality in life expectancy (2021),16.583429
Inequality in life expectancy (2022),15.992205
Inequality in life expectancy (2023),15.472262
Inequality in eduation (2010),42.42
Inequality in eduation (2011),42.42
Inequality in eduation (2012),42.42
Inequality in eduation (2013),42.42
Inequality in eduation (2014),42.42
Inequality in eduation (2015),38.66773
Inequality in eduation (2016),38.66773
Inequality in eduation (2017),38.66773
Inequality in eduation (2018),38.66773
Inequality in eduation (2019),36.87573
Inequality in eduation (2020),36.87573
Inequality in eduation (2021),36.87573
Inequality in eduation (2022),36.87573
Inequality in eduation (2023),36.87573
Inequality in income (2010),37.1473999
Inequality in income (2011),37.1473999
Inequality in income (2012),38.42444611
Inequality in income (2013),38.42444611
Inequality in income (2014),38.42444611
Inequality in income (2015),38.42444611
Inequality in income (2016),37.19915009
Inequality in income (2017),37.44141006
Inequality in income (2018),38.81474686
Inequality in income (2019),38.20975876
Inequality in income (2020),39.35733795
Inequality in income (2021),38.85117722
Inequality in income (2022),37.36087036
Inequality in income (2023),37.36087036
GII Rank (2023),102
Gender Inequality Index (value) (1990),0.697
Gender Inequality Index (value) (1991),0.698
Gender Inequality Index (value) (1992),0.7
Gender Inequality Index (value) (1993),0.702
Gender Inequality Index (value) (1994),0.702
Gender Inequality Index (value) (1995),0.702
Gender Inequality Index (value) (1996),0.697
Gender Inequality Index (value) (1997),0.692
Gender Inequality Index (value) (1998),0.682
Gender Inequality Index (value) (1999),0.676
Gender Inequality Index (value) (2000),0.671
Gender Inequality Index (value) (2001),0.65
Gender Inequality Index (value) (2002),0.643
Gender Inequality Index (value) (2003),0.637
Gender Inequality Index (value) (2004),0.629
Gender Inequality Index (value) (2005),0.615
Gender Inequality Index (value) (2006),0.601
Gender Inequality Index (value) (2007),0.594
Gender Inequality Index (value) (2008),0.596
Gender Inequality Index (value) (2009),0.58
Gender Inequality Index (value) (2010),0.566
Gender Inequality Index (value) (2011),0.561
Gender Inequality Index (value) (2012),0.557
Gender Inequality Index (value) (2013),0.55
Gender Inequality Index (value) (2014),0.528
Gender Inequality Index (value) (2015),0.496
Gender Inequality Index (value) (2016),0.484
Gender Inequality Index (value) (2017),0.488
Gender Inequality Index (value) (2018),0.487
Gender Inequality Index (value) (2019),0.464
Gender Inequality Index (value) (2020),0.441
Gender Inequality Index (value) (2021),0.438
Gender Inequality Index (value) (2022),0.427
Gender Inequality Index (value) (2023),0.403
"Maternal Mortality Ratio (deaths per 100,000 live births) (1990)",498.0408626
"Maternal Mortality Ratio (deaths per 100,000 live births) (1991)",486.9140522
"Maternal Mortality Ratio (deaths per 100,000 live births) (1992)",482.3313412
"Maternal Mortality Ratio (deaths per 100,000 live births) (1993)",481.8994633
"Maternal Mortality Ratio (deaths per 100,000 live births) (1994)",444.0279563
"Maternal Mortality Ratio (deaths per 100,000 live births) (1995)",439.9351299
"Maternal Mortality Ratio (deaths per 100,000 live births) (1996)",439.4931111
"Maternal Mortality Ratio (deaths per 100,000 live births) (1997)",436.3722866
"Maternal Mortality Ratio (deaths per 100,000 live births) (1998)",403.526193
"Maternal Mortality Ratio (deaths per 100,000 live births) (1999)",398.9904787
"Maternal Mortality Ratio (deaths per 100,000 live births) (2000)",384.4476646
"Maternal Mortality Ratio (deaths per 100,000 live births) (2001)",371.2745673
"Maternal Mortality Ratio (deaths per 100,000 live births) (2002)",329.4448545
"Maternal Mortality Ratio (deaths per 100,000 live births) (2003)",315.3761347
"Maternal Mortality Ratio (deaths per 100,000 live births) (2004)",301.2532784
"Maternal Mortality Ratio (deaths per 100,000 live births) (2005)",285.730576
"Maternal Mortality Ratio (deaths per 100,000 live births) (2006)",248.1677935
"Maternal Mortality Ratio (deaths per 100,000 live births) (2007)",233.9841763
"Maternal Mortality Ratio (deaths per 100,000 live births) (2008)",220.5202651
"Maternal Mortality Ratio (deaths per 100,000 live births) (2009)",207.0981481
"Maternal Mortality Ratio (deaths per 100,000 live births) (2010)",178.681569
"Maternal Mortality Ratio (deaths per 100,000 live births) (2011)",169.9039213
"Maternal Mortality Ratio (deaths per 100,000 live births) (2012)",161.7564834
"Maternal Mortality Ratio (deaths per 100,000 live births) (2013)",154.244761
"Maternal Mortality Ratio (deaths per 100,000 live births) (2014)",134.8580637
"Maternal Mortality Ratio (deaths per 100,000 live births) (2015)",127.6755829
"Maternal Mortality Ratio (deaths per 100,000 live births) (2016)",121.1690727
"Maternal Mortality Ratio (deaths per 100,000 live births) (2017)",118.6610871
"Maternal Mortality Ratio (deaths per 100,000 live births) (2018)",115.7111965
"Maternal Mortality Ratio (deaths per 100,000 live births) (2019)",116.3893822
"Maternal Mortality Ratio (deaths per 100,000 live births) (2020)",102.653912
"Maternal Mortality Ratio (deaths per 100,000 live births) (2021)",102.653912
"Maternal Mortality Ratio (deaths per 100,000 live births) (2022)",102.653912
"Maternal Mortality Ratio (deaths per 100,000 live births) (2023)",102.653912
"Adolescent Birth Rate (births per 1,000 women ages 15-19) (1990)",138.201
"Adolescent Birth Rate (births per 1,000 women ages 15-19) (1991)",141.481
"Adolescent Birth Rate (births per 1,000 women ages 15-19) (1992)",140.18
"Adolescent Birth Rate (births per 1,000 women ages 15-19) (1993)",135.353
"Adolescent Birth Rate (births per 1,000 women ages 15-19) (1994)",136.001
"Adolescent Birth Rate (births per 1,000 women ages 15-19) (1995)",134.75
"Adolescent Birth Rate (births per 1,000 women ages 15-19) (1996)",126.782
"Adolescent Birth Rate (births per 1,000 women ages 15-19) (1997)",122.581
"Adolescent Birth Rate (births per 1,000 women ages 15-19) (1998)",122.611
"Adolescent Birth Rate (births per 1,000 women ages 15-19) (1999)",116.902
"Adolescent Birth Rate (births per 1,000 women ages 15-19) (2000)",114.352
"Adolescent Birth Rate (births per 1,000 women ages 15-19) (2001)",112.043
"Adolescent Birth Rate (births per 1,000 women ages 15-19) (2002)",105.119
"Adolescent Birth Rate (births per 1,000 women ages 15-19) (2003)",97.366
"Adolescent Birth Rate (births per 1,000 women ages 15-19) (2004)",83.5
"Adolescent Birth Rate (births per 1,000 women ages 15-19) (2005)",64.678
"Adolescent Birth Rate (births per 1,000 women ages 15-19) (2006)",55.76
"Adolescent Birth Rate (births per 1,000 women ages 15-19) (2007)",51.987
"Adolescent Birth Rate (births per 1,000 women ages 15-19) (2008)",54.289
"Adolescent Birth Rate (births per 1,000 women ages 15-19) (2009)",46.696
"Adolescent Birth Rate (births per 1,000 women ages 15-19) (2010)",41.719
"Adolescent Birth Rate (births per 1,000 women ages 15-19) (2011)",40.795
"Adolescent Birth Rate (births per 1,000 women ages 15-19) (2012)",39.533
"Adolescent Birth Rate (births per 1,000 women ages 15-19) (2013)",35.326
"Adolescent Birth Rate (births per 1,000 women ages 15-19) (2014)",28.806
"Adolescent Birth Rate (births per 1,000 women ages 15-19) (2015)",18.194
"Adolescent Birth Rate (births per 1,000 women ages 15-19) (2016)",14.535
"Adolescent Birth Rate (births per 1,000 women ages 15-19) (2017)",15.166
"Adolescent Birth Rate (births per 1,000 women ages 15-19) (2018)",15.133
"Adolescent Birth Rate (births per 1,000 women ages 15-19) (2019)",14.796
"Adolescent Birth Rate (births per 1,000 women ages 15-19) (2020)",14.423
"Adolescent Birth Rate (births per 1,000 women ages 15-19) (2021)",14.289
"Adolescent Birth Rate (births per 1,000 women ages 15-19) (2022)",14.185
"Adolescent Birth Rate (births per 1,000 women ages 15-19) (2023)",14.06
"Share of seats in parliament, female (% held by women) (1990)",7.341772152
"Share of seats in parliament, female (% held by women) (1991)",7.341772152
"Share of seats in parliament, female (% held by women) (1992)",7.341772152
"Share of seats in parliament, female (% held by women) (1993)",7.341772152
"Share of seats in parliament, female (% held by women) (1994)",7.341772152
"Share of seats in parliament, female (% held by women) (1995)",7.341772152
"Share of seats in parliament, female (% held by women) (1996)",7.341772152
"Share of seats in parliament, female (% held by women) (1997)",7.341772152
"Share of seats in parliament, female (% held by women) (1998)",8.256880734
"Share of seats in parliament, female (% held by women) (1999)",8.496732026
"Share of seats in parliament, female (% held by women) (2000)",8.496732026
"Share of seats in parliament, female (% held by women) (2001)",8.917197452
"Share of seats in parliament, female (% held by women) (2002)",8.917197452
"Share of seats in parliament, female (% held by women) (2003)",9.299363057
"Share of seats in parliament, female (% held by women) (2004)",9.275730623
"Share of seats in parliament, female (% held by women) (2005)",9.299363057
"Share of seats in parliament, female (% held by women) (2006)",9.021601017
"Share of seats in parliament, female (% held by women) (2007)",9.31122449
"Share of seats in parliament, female (% held by women) (2008)",9.183673469
"Share of seats in parliament, female (% held by women) (2009)",10.28277635
"Share of seats in parliament, female (% held by women) (2010)",10.67344346
"Share of seats in parliament, female (% held by women) (2011)",10.91370558
"Share of seats in parliament, female (% held by women) (2012)",10.88607595
"Share of seats in parliament, female (% held by women) (2013)",10.88607595
"Share of seats in parliament, female (% held by women) (2014)",11.83206107
"Share of seats in parliament, female (% held by women) (2015)",12.21374046
"Share of seats in parliament, female (% held by women) (2016)",11.68996188
"Share of seats in parliament, female (% held by women) (2017)",11.57760814
"Share of seats in parliament, female (% held by women) (2018)",11.68164313
"Share of seats in parliament, female (% held by women) (2019)",13.48600509
"Share of seats in parliament, female (% held by women) (2020)",13.39285714
"Share of seats in parliament, female (% held by women) (2021)",13.44430218
"Share of seats in parliament, female (% held by women) (2022)",14.63414634
"Share of seats in parliament, female (% held by women) (2023)",14.81958763
"Share of seats in parliament, male (% held by men) (1990)",92.65822785
"Share of seats in parliament, male (% held by men) (1991)",92.65822785
"Share of seats in parliament, male (% held by men) (1992)",92.65822785
"Share of seats in parliament, male (% held by men) (1993)",92.65822785
"Share of seats in parliament, male (% held by men) (1994)",92.65822785
"Share of seats in parliament, male (% held by men) (1995)",92.65822785
"Share of seats in parliament, male (% held by men) (1996)",92.65822785
"Share of seats in parliament, male (% held by men) (1997)",92.65822785
"Share of seats in parliament, male (% held by men) (1998)",91.74311927
"Share of seats in parliament, male (% held by men) (1999)",91.50326797
"Share of seats in parliament, male (% held by men) (2000)",91.50326797
"Share of seats in parliament, male (% held by men) (2001)",91.08280255
"Share of seats in parliament, male (% held by men) (2002)",91.08280255
"Share of seats in parliament, male (% held by men) (2003)",90.70063694
"Share of seats in parliament, male (% held by men) (2004)",90.72426938
"Share of seats in parliament, male (% held by men) (2005)",90.70063694
"Share of seats in parliament, male (% held by men) (2006)",90.97839898
"Share of seats in parliament, male (% held by men) (2007)",90.68877551
"Share of seats in parliament, male (% held by men) (2008)",90.81632653
"Share of seats in parliament, male (% held by men) (2009)",89.71722365
"Share of seats in parliament, male (% held by men) (2010)",89.32655654
"Share of seats in parliament, male (% held by men) (2011)",89.08629442
"Share of seats in parliament, male (% held by men) (2012)",89.11392405
"Share of seats in parliament, male (% held by men) (2013)",89.11392405
"Share of seats in parliament, male (% held by men) (2014)",88.16793893
"Share of seats in parliament, male (% held by men) (2015)",87.78625954
"Share of seats in parliament, male (% held by men) (2016)",88.31003812
"Share of seats in parliament, male (% held by men) (2017)",88.42239186
"Share of seats in parliament, male (% held by men) (2018)",88.31835687
"Share of seats in parliament, male (% held by men) (2019)",86.51399491
"Share of seats in parliament, male (% held by men) (2020)",86.60714286
"Share of seats in parliament, male (% held by men) (2021)",86.55569782
"Share of seats in parliament, male (% held by men) (2022)",85.36585366
"Share of seats in parliament, male (% held by men) (2023)",85.18041237
"Labour force participation rate, female (% ages 15 and older) (1990)",33.71
"Labour force participation rate, female (% ages 15 and older) (1991)",33.71
"Labour force participation rate, female (% ages 15 and older) (1992)",32.76
"Labour force participation rate, female (% ages 15 and older) (1993)",31.8
"Labour force participation rate, female (% ages 15 and older) (1994)",30.85
"Labour force participation rate, female (% ages 15 and older) (1995)",30.82
"Labour force participation rate, female (% ages 15 and older) (1996)",30.8
"Labour force participation rate, female (% ages 15 and older) (1997)",30.77
"Labour force participation rate, female (% ages 15 and older) (1998)",30.75
"Labour force participation rate, female (% ages 15 and older) (1999)",30.72
"Labour force participation rate, female (% ages 15 and older) (2000)",30.69
"Labour force participation rate, female (% ages 15 and older) (2001)",37.71
"Labour force participation rate, female (% ages 15 and older) (2002)",37.56
"Labour force participation rate, female (% ages 15 and older) (2003)",37.42
"Labour force participation rate, female (% ages 15 and older) (2004)",37.27
"Labour force participation rate, female (% ages 15 and older) (2005)",37.12
"Labour force participation rate, female (% ages 15 and older) (2006)",35.48
"Labour force participation rate, female (% ages 15 and older) (2007)",33.83
"Labour force participation rate, female (% ages 15 and older) (2008)",32.19
"Labour force participation rate, female (% ages 15 and older) (2009)",30.54
"Labour force participation rate, female (% ages 15 and older) (2010)",28.9
"Labour force participation rate, female (% ages 15 and older) (2011)",28.08
"Labour force participation rate, female (% ages 15 and older) (2012)",27.25
"Labour force participation rate, female (% ages 15 and older) (2013)",26.17
"Labour force participation rate, female (% ages 15 and older) (2014)",25.08
"Labour force participation rate, female (% ages 15 and older) (2015)",24
"Labour force participation rate, female (% ages 15 and older) (2016)",22.91
"Labour force participation rate, female (% ages 15 and older) (2017)",21.83
"Labour force participation rate, female (% ages 15 and older) (2018)",20.75
"Labour force participation rate, female (% ages 15 and older) (2019)",24.04
"Labour force participation rate, female (% ages 15 and older) (2020)",26.17
"Labour force participation rate, female (% ages 15 and older) (2021)",27.04
"Labour force participation rate, female (% ages 15 and older) (2022)",28.26
"Labour force participation rate, female (% ages 15 and older) (2023)",35.08
"Labour force participation rate, male (% ages 15 and older) (1990)",80.39
"Labour force participation rate, male (% ages 15 and older) (1991)",80.39
"Labour force participation rate, male (% ages 15 and older) (1992)",81.64
"Labour force participation rate, male (% ages 15 and older) (1993)",82.88
"Labour force participation rate, male (% ages 15 and older) (1994)",84.13
"Labour force participation rate, male (% ages 15 and older) (1995)",83.91
"Labour force participation rate, male (% ages 15 and older) (1996)",83.69
"Labour force participation rate, male (% ages 15 and older) (1997)",83.47
"Labour force participation rate, male (% ages 15 and older) (1998)",83.25
"Labour force participation rate, male (% ages 15 and older) (1999)",83.03
"Labour force participation rate, male (% ages 15 and older) (2000)",82.81
"Labour force participation rate, male (% ages 15 and older) (2001)",78.45
"Labour force participation rate, male (% ages 15 and older) (2002)",79.53
"Labour force participation rate, male (% ages 15 and older) (2003)",80.6
"Labour force participation rate, male (% ages 15 and older) (2004)",81.68
"Labour force participation rate, male (% ages 15 and older) (2005)",82.75
"Labour force participation rate, male (% ages 15 and older) (2006)",82.13
"Labour force participation rate, male (% ages 15 and older) (2007)",81.5
"Labour force participation rate, male (% ages 15 and older) (2008)",80.88
"Labour force participation rate, male (% ages 15 and older) (2009)",80.25
"Labour force participation rate, male (% ages 15 and older) (2010)",79.63
"Labour force participation rate, male (% ages 15 and older) (2011)",79.25
"Labour force participation rate, male (% ages 15 and older) (2012)",78.86
"Labour force participation rate, male (% ages 15 and older) (2013)",78.03
"Labour force participation rate, male (% ages 15 and older) (2014)",77.19
"Labour force participation rate, male (% ages 15 and older) (2015)",76.36
"Labour force participation rate, male (% ages 15 and older) (2016)",75.53
"Labour force participation rate, male (% ages 15 and older) (2017)",74.69
"Labour force participation rate, male (% ages 15 and older) (2018)",73.86
"Labour force participation rate, male (% ages 15 and older) (2019)",74.56
"Labour force participation rate, male (% ages 15 and older) (2020)",74.25
"Labour force participation rate, male (% ages 15 and older) (2021)",75.1
"Labour force participation rate, male (% ages 15 and older) (2022)",76.14
"Labour force participation rate, male (% ages 15 and older) (2023)",76.41
Difference from HDI rank (2023),14
Planetary pressures-adjusted Human Development Index (value) (1990),0.436
Planetary pressures-adjusted Human Development Index (value) (1991),0.438
Planetary pressures-adjusted Human Development Index (value) (1992),0.443
Planetary pressures-adjusted Human Development Index (value) (1993),0.448
Planetary pressures-adjusted Human Development Index (value) (1994),0.453
Planetary pressures-adjusted Human Development Index (value) (1995),0.458
Planetary pressures-adjusted Human Development Index (value) (1996),0.465
Planetary pressures-adjusted Human Development Index (value) (1997),0.47
Planetary pressures-adjusted Human Development Index (value) (1998),0.476
Planetary pressures-adjusted Human Development Index (value) (1999),0.484
Planetary pressures-adjusted Human Development Index (value) (2000),0.489
Planetary pressures-adjusted Human Development Index (value) (2001),0.498
Planetary pressures-adjusted Human Development Index (value) (2002),0.503
Planetary pressures-adjusted Human Development Index (value) (2003),0.516
Planetary pressures-adjusted Human Development Index (value) (2004),0.524
Planetary pressures-adjusted Human Development Index (value) (2005),0.533
Planetary pressures-adjusted Human Development Index (value) (2006),0.542
Planetary pressures-adjusted Human Development Index (value) (2007),0.549
Planetary pressures-adjusted Human Development Index (value) (2008),0.557
Planetary pressures-adjusted Human Development Index (value) (2009),0.561
Planetary pressures-adjusted Human Development Index (value) (2010),0.571
Planetary pressures-adjusted Human Development Index (value) (2011),0.583
Planetary pressures-adjusted Human Development Index (value) (2012),0.588
Planetary pressures-adjusted Human Development Index (value) (2013),0.595
Planetary pressures-adjusted Human Development Index (value) (2014),0.604
Planetary pressures-adjusted Human Development Index (value) (2015),0.611
Planetary pressures-adjusted Human Development Index (value) (2016),0.621
Planetary pressures-adjusted Human Development Index (value) (2017),0.625
Planetary pressures-adjusted Human Development Index (value) (2018),0.623
Planetary pressures-adjusted Human Development Index (value) (2019),0.626
Planetary pressures-adjusted Human Development Index (value) (2020),0.628
Planetary pressures-adjusted Human Development Index (value) (2021),0.622
Planetary pressures-adjusted Human Development Index (value) (2022),0.648
Planetary pressures-adjusted Human Development Index (value) (2023),0.656
Difference from HDI value (%) (1990),2.242152466
Difference from HDI value (%) (1991),2.232142857
Difference from HDI value (%) (1992),2.207505519
Difference from HDI value (%) (1993),2.183406114
Difference from HDI value (%) (1994),2.159827214
Difference from HDI value (%) (1995),2.345415778
Difference from HDI value (%) (1996),2.31092437
Difference from HDI value (%) (1997),2.489626556
Difference from HDI value (%) (1998),2.459016393
Difference from HDI value (%) (1999),2.419354839
Difference from HDI value (%) (2000),2.395209581
Difference from HDI value (%) (2001),2.544031311
Difference from HDI value (%) (2002),2.519379845
Difference from HDI value (%) (2003),2.457466919
Difference from HDI value (%) (2004),2.602230483
Difference from HDI value (%) (2005),2.559414991
Difference from HDI value (%) (2006),2.692998205
Difference from HDI value (%) (2007),3.003533569
Difference from HDI value (%) (2008),2.961672474
Difference from HDI value (%) (2009),3.10880829
Difference from HDI value (%) (2010),3.220338983
Difference from HDI value (%) (2011),3.316749585
Difference from HDI value (%) (2012),3.448275862
Difference from HDI value (%) (2013),3.25203252
Difference from HDI value (%) (2014),3.36
Difference from HDI value (%) (2015),3.475513428
Difference from HDI value (%) (2016),3.571428571
Difference from HDI value (%) (2017),3.697996918
Difference from HDI value (%) (2018),3.858024691
Difference from HDI value (%) (2019),3.840245776
Difference from HDI value (%) (2020),3.680981595
Difference from HDI value (%) (2021),3.863987635
Difference from HDI value (%) (2022),4.142011834
Difference from HDI value (%) (2023),4.233576642
Carbon dioxide emissions per capita (production) (tonnes) (1990),0.664018108
Carbon dioxide emissions per capita (production) (tonnes) (1991),0.692244453
Carbon dioxide emissions per capita (production) (tonnes) (1992),0.722196719
Carbon dioxide emissions per capita (production) (tonnes) (1993),0.731147246
Carbon dioxide emissions per capita (production) (tonnes) (1994),0.755413559
Carbon dioxide emissions per capita (production) (tonnes) (1995),0.78863223
Carbon dioxide emissions per capita (production) (tonnes) (1996),0.837624664
Carbon dioxide emissions per capita (production) (tonnes) (1997),0.856012215
Carbon dioxide emissions per capita (production) (tonnes) (1998),0.857394414
Carbon dioxide emissions per capita (production) (tonnes) (1999),0.923366507
Carbon dioxide emissions per capita (production) (tonnes) (2000),0.930929833
Carbon dioxide emissions per capita (production) (tonnes) (2001),0.927297199
Carbon dioxide emissions per capita (production) (tonnes) (2002),0.939750111
Carbon dioxide emissions per capita (production) (tonnes) (2003),0.955541927
Carbon dioxide emissions per capita (production) (tonnes) (2004),0.997855268
Carbon dioxide emissions per capita (production) (tonnes) (2005),1.034602761
Carbon dioxide emissions per capita (production) (tonnes) (2006),1.102450953
Carbon dioxide emissions per capita (production) (tonnes) (2007),1.170476244
Carbon dioxide emissions per capita (production) (tonnes) (2008),1.234270772
Carbon dioxide emissions per capita (production) (tonnes) (2009),1.317557524
Carbon dioxide emissions per capita (production) (tonnes) (2010),1.352022236
Carbon dioxide emissions per capita (production) (tonnes) (2011),1.403214587
Carbon dioxide emissions per capita (production) (tonnes) (2012),1.51096039
Carbon dioxide emissions per capita (production) (tonnes) (2013),1.545231628
Carbon dioxide emissions per capita (production) (tonnes) (2014),1.643411312
Carbon dioxide emissions per capita (production) (tonnes) (2015),1.688922874
Carbon dioxide emissions per capita (production) (tonnes) (2016),1.758997518
Carbon dioxide emissions per capita (production) (tonnes) (2017),1.791917472
Carbon dioxide emissions per capita (production) (tonnes) (2018),1.894120992
Carbon dioxide emissions per capita (production) (tonnes) (2019),1.889136892
Carbon dioxide emissions per capita (production) (tonnes) (2020),1.734155417
Carbon dioxide emissions per capita (production) (tonnes) (2021),1.899893859
Carbon dioxide emissions per capita (production) (tonnes) (2022),1.997756064
Carbon dioxide emissions per capita (production) (tonnes) (2023),2.143542771
Material footprint per capita (tonnes) (1990),3.0753
Material footprint per capita (tonnes) (1991),3.0481
Material footprint per capita (tonnes) (1992),3.1246
Material footprint per capita (tonnes) (1993),3.0392
Material footprint per capita (tonnes) (1994),3.0533
Material footprint per capita (tonnes) (1995),3.1138
Material footprint per capita (tonnes) (1996),3.2586
Material footprint per capita (tonnes) (1997),3.2992
Material footprint per capita (tonnes) (1998),3.3112
Material footprint per capita (tonnes) (1999),3.3759
Material footprint per capita (tonnes) (2000),3.2983
Material footprint per capita (tonnes) (2001),3.4195
Material footprint per capita (tonnes) (2002),3.3064
Material footprint per capita (tonnes) (2003),3.4135
Material footprint per capita (tonnes) (2004),3.3628
Material footprint per capita (tonnes) (2005),3.4765
Material footprint per capita (tonnes) (2006),3.6663
Material footprint per capita (tonnes) (2007),3.9486
Material footprint per capita (tonnes) (2008),3.925
Material footprint per capita (tonnes) (2009),4.0781
Material footprint per capita (tonnes) (2010),4.1642
Material footprint per capita (tonnes) (2011),4.3671
Material footprint per capita (tonnes) (2012),4.3785
Material footprint per capita (tonnes) (2013),4.1779
Material footprint per capita (tonnes) (2014),4.1153
Material footprint per capita (tonnes) (2015),4.2876
Material footprint per capita (tonnes) (2016),4.4343
Material footprint per capita (tonnes) (2017),4.4806
Material footprint per capita (tonnes) (2018),4.6415
Material footprint per capita (tonnes) (2019),4.6956
Material footprint per capita (tonnes) (2020),4.5082
Material footprint per capita (tonnes) (2021),4.8046
Material footprint per capita (tonnes) (2022),5.0073
Material footprint per capita (tonnes) (2023),5.2115
Survey,DHS
Year,2019/2021
Multidimensional Poverty Index,0.0688106
Health,32.158868
Education,28.170359
Standard of living,39.670771
Nutrition,28.57861245
Child mortality,3.580257604
Years of schooling,18.70964669
School attendance,9.460709153
Cooking fuel,11.22178955
Sanitation,9.112136171
Drinking water,2.151176198
Electricity,1.677027292
Housing,10.98558323
Assets,4.523061673
Period,2010-2014
Total,99.22
Women,98.88
Men,99.45
Share of people with no bias,0.78
Political,68.91
Educational,38.5
Economic,75.09
Physical integrity,92.39
